Name,Email,Phone,Address,City,Country,Date of Birth,Salary
Lisa West,andrew23@example.com,(465)852-8470,"Unit 5183 Box 8914
DPO AP 26775",Perezfort,Honduras,2001-08-05,83302
Jason Cole,kenneth05@example.net,7783540568,"73784 Kenneth Stream Apt. 200
Fitzgeraldshire, WI 04493",Port Andrea,Bolivia,2012-12-04,31035
Juan Crosby,zbarnes@example.org,(676)328-6244x05295,"0580 Mary Row
Lake Vanessabury, GA 81529",Johnborough,South Africa,1921-02-02,60226
April Ball,michaelmckinney@example.com,+1-633-685-4901x2113,"6215 Hensley Pass Apt. 136
South Patricia, MN 97056",New Eric,Greece,2023-05-08,52502
Donald Jackson,peterdean@example.com,779-437-7643,"156 Macdonald Alley
West Scottmouth, MA 82872",Alyssaborough,Namibia,2019-03-07,38687
Sheri Davis,heather37@example.net,(436)213-3918,"260 Brittany Square Suite 172
Elizabethside, ME 65276",East Lisa,Lebanon,1943-03-26,71853
Amy Parker,zavalacatherine@example.com,8463043459,"78272 Garcia Canyon Suite 357
Port Debbieville, FM 79124",Lake Calvinborough,Serbia,2001-02-21,54869
Carlos Mcneil,hilljoshua@example.com,616-938-0801,"5981 Romero Alley
Port Meganmouth, MA 18811",Anthonyburgh,Burkina Faso,1927-07-16,82122
Tammy Murphy,susanfranklin@example.com,879.671.4238x85134,"885 Kelly Club Apt. 350
New Alicia, CT 25171",Lake Brittanyburgh,Namibia,1999-09-24,75999
Brittany Rodriguez,thomasgregory@example.net,597.808.5306x8158,"6650 Chris Radial
Murphyton, WY 24038",Aaronville,Cambodia,1988-12-15,70911
Scott Stewart,valerie39@example.com,956.897.0540,"228 Adrian Pine
North Sean, IL 20499",Alexandraside,New Zealand,2019-09-30,81174
Willie Shelton,jamesdavis@example.net,277-426-9077x821,"2277 Kathryn Cliffs
Danielshire, VI 89502",East Michael,Mongolia,2017-05-20,59788
Deborah Nicholson,michelle15@example.net,954-765-9968x1900,"3179 Young Brooks Apt. 868
Scottberg, MI 16700",Port Linda,Senegal,1963-07-25,61230
Vanessa Wu,reginaldowens@example.com,+1-682-798-1566x9050,"1820 Denise Forks
East Katieberg, IL 88289",Cassandraview,Israel,1929-01-18,70482
Robyn Allen,chad33@example.org,212-239-3934x599,"1162 Kathryn Extensions
East Larryfurt, MP 70273",Bruceberg,Iran,1941-05-17,73249
Heidi Cruz,cbutler@example.org,845.407.6200x01548,"6265 Sonia Burg
West Amandaland, MS 87894",East Amanda,Mongolia,2018-04-14,62410
Christopher Cooper,wlong@example.net,+1-504-360-8720,"193 Stephanie Tunnel
Westhaven, LA 67980",Baileyshire,Antarctica (the territory South of 60 deg S),1914-10-03,96074
Heather Thornton,jamie44@example.net,5606155306,"838 Scott Prairie Suite 730
Andersontown, AR 00596",Shortborough,Libyan Arab Jamahiriya,2021-04-14,52137
Sandra Hayes,hharmon@example.com,+1-455-623-8453x5777,"8036 Miguel Point
South James, SC 31835",Richardsonchester,Burkina Faso,1993-11-21,80913
Gregory Nelson Jr.,cheryl59@example.com,(352)824-6406x65730,"4326 Patricia Shoal Apt. 555
Port John, NC 07573",Port Drewland,Palestinian Territory,1930-09-17,91834
Michael Johnson,ucole@example.com,390-208-9879x60939,"42572 Johnathan Field
New Jack, OK 83046",Christopherside,Svalbard & Jan Mayen Islands,1996-04-25,37157
Kimberly Yates,justin14@example.com,344-966-1572x99883,"7035 Bell Alley
Williambury, NH 97248",Jerryshire,Ghana,2011-06-04,41935
Andrea Brooks,billy12@example.com,869.593.8622,"1989 Blake Passage Apt. 619
West Diane, NH 92313",South Steven,Azerbaijan,1985-04-30,55049
Amanda Haney,armstrongmark@example.org,848-437-9475,"98549 Jordan Expressway
Thompsonville, FM 19181",Lake Nicole,Tokelau,1957-01-31,56752
Claudia Zimmerman,simmonsanthony@example.net,230-877-9028x52057,"991 Eric Motorway Apt. 374
Huangshire, WY 03953",Clinemouth,Turkmenistan,1946-07-07,42472
Veronica Smith,wesley36@example.net,860.798.0961x864,"91438 Brett Crescent
Robertport, OH 99876",Bishopchester,Nauru,1956-11-11,68761
Nicole Miller,amanda45@example.net,810.942.7087,"PSC 0206, Box 0161
APO AA 92978",North Meganshire,Sweden,1950-04-02,78990
Ricardo Jones,nhayes@example.com,569-782-7669x4051,"23900 Richard Passage Apt. 007
West Joseph, GU 83239",North Stephanieborough,Rwanda,1956-06-23,67310
Amy Parker,zavalacatherine@example.com,8463043459,"78272 Garcia Canyon Suite 357
Port Debbieville, FM 79124",Lake Calvinborough,Serbia,2001-02-21,54869
Carlos Mcneil,hilljoshua@example.com,616-938-0801,"5981 Romero Alley
Port Meganmouth, MA 18811",Anthonyburgh,Burkina Faso,1927-07-16,82122
Tammy Murphy,susanfranklin@example.com,879.671.4238x85134,"885 Kelly Club Apt. 350
New Alicia, CT 25171",Lake Brittanyburgh,Namibia,1999-09-24,75999
Brittany Rodriguez,thomasgregory@example.net,597.808.5306x8158,"6650 Chris Radial
Murphyton, WY 24038",Aaronville,Cambodia,1988-12-15,70911
Scott Stewart,valerie39@example.com,956.897.0540,"228 Adrian Pine
North Sean, IL 20499",Alexandraside,New Zealand,2019-09-30,81174
Willie Shelton,jamesdavis@example.net,277-426-9077x821,"2277 Kathryn Cliffs
Danielshire, VI 89502",East Michael,Mongolia,2017-05-20,59788
Deborah Nicholson,michelle15@example.net,954-765-9968x1900,"3179 Young Brooks Apt. 868
Scottberg, MI 16700",Port Linda,Senegal,1963-07-25,61230
Vanessa Wu,reginaldowens@example.com,+1-682-798-1566x9050,"1820 Denise Forks
East Katieberg, IL 88289",Cassandraview,Israel,1929-01-18,70482
Robyn Allen,chad33@example.org,212-239-3934x599,"1162 Kathryn Extensions
East Larryfurt, MP 70273",Bruceberg,Iran,1941-05-17,73249
April Bentley,nharrison@example.com,+1-779-869-9633x91575,"022 Lutz Fall Suite 574
New Darryl, UT 75993",South Patrick,Ghana,1979-09-08,99625
Cameron Walsh,michael50@example.com,917.482.5476x383,"52431 James Corner
West Tonimouth, VI 67264",Fosterfurt,Jordan,1988-03-24,81188
Crystal Freeman,christineberry@example.com,321-515-6479x4387,"744 Jamie Curve Apt. 404
Gomezland, CO 37927",New Edwardview,Algeria,1918-10-21,85768
Donald Taylor,zroy@example.org,(289)643-5748x32917,"PSC 4811, Box 2096
APO AA 17086",Chenstad,Kiribati,1998-09-04,64088
Nichole Mcmahon,teresamelton@example.com,(850)792-1032,"403 Nicholas Glens Apt. 201
Greenburgh, LA 45125",Port Barbara,Iran,2016-07-06,66904
Shawn James,gardneralbert@example.com,001-690-945-5002x705,"8197 Brennan Stream Suite 217
Port Tammy, PW 07975",Salinasland,Holy See (Vatican City State),1923-07-31,85119
Gregory Hill,william79@example.com,+1-640-897-1658x277,"81180 Mark Villages Suite 263
Timothyland, IA 47528",New Tommy,Moldova,2005-04-30,69306
Sydney Sanchez,sandrasanchez@example.net,+1-418-517-6574x88048,"1454 Joseph Plains
South Franciscoside, MH 01720",Adamhaven,Serbia,1946-03-31,83267
Monica Gordon,sprice@example.org,569.379.0474x7560,"87926 John Ways
Grahamtown, MN 37921",Ashleyview,El Salvador,1980-10-12,60108
Gary Wilcox,tgill@example.org,(414)267-7241,"90502 Whitney Locks Suite 572
Deborahshire, AS 55390",Jasontown,Morocco,1925-04-30,88614
Michael Estrada,wwilson@example.com,(215)580-6842x641,"058 Heather Unions Suite 031
West Timothy, SC 03548",West Jessicashire,Gabon,1980-04-16,43855
Mia Velez,poolegregory@example.com,225-521-8549x8399,"2133 Tammy Drive
Sarahburgh, IL 65877",Deleonmouth,Equatorial Guinea,1960-08-30,43754
Veronica Arnold,uklein@example.org,255-947-1201,"630 Ortiz Row
North Traceymouth, ND 21711",Loriview,Angola,1990-03-28,66032
Kyle Pham,diane94@example.net,5922437839,"337 Lucas Pine
Jensenville, KS 51700",Richardport,Cyprus,1983-10-28,40864
Nicole Rodriguez,torreschristopher@example.net,708-644-2418x989,"4655 Russell Mews Apt. 806
Serranoside, NV 47366",Port Melissa,Romania,2002-08-13,82407
Scott Crawford,denise56@example.org,001-459-708-1735,"204 Jackson Harbor
Danielsview, PR 29494",Christinaview,Comoros,1929-12-21,91117
Derek Atkinson,staylor@example.net,+1-326-500-6888,"88588 Rodriguez Ports
Robinsonton, HI 88092",Phillipsside,Papua New Guinea,2018-10-11,62718
Beth Rubio,jeffrey06@example.com,(787)934-7821,"980 Joanne Plaza Apt. 867
Nelsonville, NM 46182",South John,Nepal,1940-03-17,81746
Joseph Bautista,jglenn@example.com,+1-770-257-8323x817,"0699 Eileen Alley
North Stacey, WY 02739",Susanside,Ukraine,1935-11-14,61444
Jasmine Melton,nancy44@example.org,+1-922-953-9972x539,"43890 Jennifer Heights Apt. 789
Lydialand, CT 29378",East Jacqueline,Belarus,1962-01-11,67470
Jessica Becker,lisa24@example.net,999.960.7087x44718,"33779 Amy Oval
Valenciaton, FM 21934",Ericfort,Japan,1928-01-11,63628
Frank Heath,awhite@example.org,467-757-4387,"6094 Collins Common
East Troyhaven, DC 74421",Sandersfurt,Guam,1922-03-27,91166
Tamara Perry,jamesmontgomery@example.org,001-445-811-0313x83699,"395 Cummings Valley
Megan Simmons,cynthiapearson@example.net,9166104308,6028 Thomas Ports Suite 071",,,,
Johnsontown,"AL 07894""",Ashleyton,Paraguay,2000-05-21,76809,,
Kathy Fuentes,danielobrien@example.org,672.406.3183,"6539 Austin Camp
Wallacetown, RI 66272",New Ryan,Yemen,1923-04-23,65828
Jaime Marks,gdixon@example.net,8895607116,"8179 Allen Port
Martinezshire, PR 72303",Lake Todd,Cape Verde,1955-10-11,65450
James Jones,vmartinez@example.com,426-611-3366x48737,"152 Brown Orchard
East Samuelborough, MS 24556",Martinport,Maldives,1930-12-27,32848
Jessica Sims,smithstephanie@example.com,487.305.9581,"USNS Jenkins
FPO AA 23070",East Marie,United States Virgin Islands,1981-04-06,78569
Cole Todd,katelyn43@example.net,(729)212-9688x03173,"759 Matthew Springs Apt. 743
Gutierrezton, NE 94775",Kathleenfort,Madagascar,1927-09-29,84138
Megan Simmons,cynthiapearson@example.net,9166104308,"6028 Thomas Ports Suite 071
New Tracey, AR 75117",Henrymouth,Tajikistan,2021-10-12,58392
Michele Jones,collinsdavid@example.org,(851)425-6610x530,"074 Williams Falls
Fisherbury, GU 73919",Castilloshire,Guyana,1932-06-25,97928
Alan Burns,david56@example.org,+1-770-573-4187x4928,"9958 Berger Freeway
East Troyhaven, DC 74421",Sandersfurt,Guam,1922-03-27,91166
Michaelfort,"MH 72512""",Bentonland,Nauru,1919-01-18,43818,,
Shawn Blevins,sbanks@example.org,+1-789-994-2302x5207,"PSC 0220, Box 0764
APO AE 24841",Lucasmouth,Bolivia,1970-02-04,54085
Pamela Brown,alyssafisher@example.com,+1-571-378-4682x55489,"795 Mclaughlin Lock
Shawn Blevins,sbanks@example.org,+1-789-994-2302x5207,PSC 0220",Box 0764,,,
Patelville,"VI 37650""",Lake Jenniferstad,Uganda,1932-10-01,91934,,
Amy Parker,zavalacatherine@example.com,8463043459,"78272 Garcia Canyon Suite 357
Port Debbieville, FM 79124",Lake Calvinborough,Serbia,2001-02-21,54869
Carlos Mcneil,hilljoshua@example.com,616-938-0801,"5981 Romero Alley
Port Meganmouth, MA 18811",Anthonyburgh,Burkina Faso,1927-07-16,82122
Tammy Murphy,susanfranklin@example.com,879.671.4238x85134,"885 Kelly Club Apt. 350
New Alicia, CT 25171",Lake Brittanyburgh,Namibia,1999-09-24,75999
Brittany Rodriguez,thomasgregory@example.net,597.808.5306x8158,"6650 Chris Radial
Murphyton, WY 24038",Aaronville,Cambodia,1988-12-15,70911
Scott Stewart,valerie39@example.com,956.897.0540,"228 Adrian Pine
North Sean, IL 20499",Alexandraside,New Zealand,2019-09-30,81174
Willie Shelton,jamesdavis@example.net,277-426-9077x821,"2277 Kathryn Cliffs
Danielshire, VI 89502",East Michael,Mongolia,2017-05-20,59788
Deborah Nicholson,michelle15@example.net,954-765-9968x1900,"3179 Young Brooks Apt. 868
Scottberg, MI 16700",Port Linda,Senegal,1963-07-25,61230
Vanessa Wu,reginaldowens@example.com,+1-682-798-1566x9050,"1820 Denise Forks
East Katieberg, IL 88289",Cassandraview,Israel,1929-01-18,70482
Melvin Navarro,lynchalison@example.com,257-370-3886,"961 Leblanc Views
Angela Thompson,woodrobert@example.com,770.669.1865x20036,79297 Roberts Mountains",,,,
Chandlerhaven,"NY 93615""",Port Christy,Korea,1912-06-01,99658,,
Casey Acosta,lukeallen@example.net,+1-982-389-6206x558,"PSC 9779, Box 7673
APO AA 10343",West Scottville,Qatar,1981-07-10,74568
Kevin Morales,katie42@example.org,6625970433,"Unit 1130 Box 1140
DPO AE 39010",North Michael,Philippines,2002-12-07,41135
Robert Ortiz,jennifer23@example.net,731-349-2580,"47525 Kelly Land Apt. 382
Johnsonburgh, TN 88850",Hatfieldburgh,Mali,2016-09-16,92392
Leslie Atkinson,alexander90@example.net,+1-941-844-9852x584,"04410 Helen Station
Armstrongberg, AZ 00779",Josephport,Botswana,2008-10-10,41160
Dr. Justin Castaneda,clee@example.com,+1-569-979-7405x53217,"1439 Gerald Underpass
East Jennifer, UT 03913",Lake Donnaberg,Jamaica,1955-03-09,33197
Andrea Leonard,sanchezanna@example.net,776.586.7770x0796,"8414 Dennis Flats Apt. 346
South Chase, MH 77011",Rangelside,Saint Vincent and the Grenadines,1932-03-07,34743
Michael Page,danasmith@example.com,261.630.8492,"4850 Bill Squares Apt. 650
Port Brooketown, MD 05739",New Gailmouth,Bouvet Island (Bouvetoya),1949-09-19,92645
Sara Estes,jessicabrown@example.org,(968)417-1035,"5823 Thompson Springs Apt. 088
Christinaland, LA 21445",Murraychester,Dominican Republic,1912-05-02,47508
Sandra Watkins,charles50@example.net,(818)756-7376,"411 Young Hollow
Marcstad, KS 05396",Lake Spencer,Uganda,1912-09-30,31748
Andrew Thomas Jr.,cookwayne@example.org,001-938-664-2584x7019,"348 Kelsey Via Suite 831
Calvinstad, IN 85937",New Phillip,Egypt,1959-08-05,91793
Jorge Patterson,rodneydaniel@example.net,248-478-4919x82154,"578 Edwin Mall
East Craig, RI 85317",Lake Nicholastown,Burkina Faso,1996-08-11,42744
Matthew Morgan,lmcdonald@example.org,890.262.2088x0895,"745 Christopher Burg Suite 850
Jonesmouth, ND 09659",Robertport,Serbia,2012-04-12,82900
Corey Miller,kwilliams@example.org,(243)284-3956x1384,"779 Paul Fork
Byrdhaven, KS 03352",Ebonyshire,Turkey,2020-03-30,91744
Scott Edwards,scott74@example.net,001-919-719-3948x6615,"2423 West Manors
Kennedyberg, PA 04131",North Heather,Moldova,2019-01-31,34076
Michelle Smith,mariapena@example.com,362-471-5644x7000,"7386 Barnes Landing Apt. 091
New Casey, NM 08924",Lake John,Kyrgyz Republic,1978-01-02,96898
Elizabeth Guerra,yolanda15@example.org,001-339-992-4938x99888,"77349 Samantha Ford Suite 046
Lake Davidbury, ID 58604",Myersfort,French Southern Territories,1994-11-18,60103
Stephanie Sanchez,kimberlycarter@example.org,001-347-765-3001,"9045 Mccullough Cliff
Cameronview, CA 92936",Lake Robertshire,Maldives,1910-06-07,84511
James Oneill,amy03@example.org,701-662-8423,"44028 Thompson Lights Apt. 458
South Heather, OR 13704",Courtneyhaven,South Africa,1949-08-11,85005
Mark Lowe,carloshudson@example.org,001-496-852-5578x733,"PSC 6837, Box 4992
APO AE 94862",Robertton,Myanmar,1956-08-08,56067
Jennifer Everett,blong@example.org,001-231-242-5703,"USCGC Burch
FPO AP 36089",Walkerberg,Montenegro,1963-02-09,55456
Timothy Moore,framirez@example.net,266.310.0410x81771,"USCGC Hale
FPO AP 65523",Port Jermaineborough,Saudi Arabia,1988-03-28,78998
Tiffany Savage,dgardner@example.net,309.495.4374x5692,"416 Chloe Trail
Port Daniel, AR 43534",West Kimberly,Thailand,2004-03-20,98815
Ryan Garcia,hjohnson@example.org,933.441.0413x593,"86655 Hernandez Fort Suite 149
Port Jessicabury, PA 61602",South Rhondaton,Togo,1911-09-10,85468
Sherry Williams,bobbyball@example.com,(235)706-1427,"705 Jacqueline Unions Apt. 212
Racheltown, KY 88188",Moorefort,Namibia,1968-02-19,43902
Peter Ramirez,lisa11@example.com,(226)577-9801x5863,"29277 Leon Mill
Port Daniel, WI 49642",South Melissaview,Sudan,1957-07-13,49636
John Thompson,yangtimothy@example.org,+1-996-556-7397x66959,"42113 Tammy Harbors Suite 767
East Larry, NY 34167",New Marvin,Gibraltar,1953-12-24,69843
Casey Norris,charlesthomas@example.org,001-832-367-7961x0884,"01184 Malone Springs
Veronicaberg, NJ 86780",Port Neilview,Guyana,1948-05-06,66091
Belinda Miller,carolharris@example.com,915-937-8907,"48014 Tiffany Orchard Apt. 032
West Richardton, MS 45713",North Kathy,Gabon,1922-06-04,80813
Amy Parker,zavalacatherine@example.com,8463043459,"78272 Garcia Canyon Suite 357
Port Debbieville, FM 79124",Lake Calvinborough,Serbia,2001-02-21,54869
Grace Morris,sbates@example.com,247-482-5573,"USCGC Lawrence
FPO AA 63672",Lake Valeriechester,Ukraine,2016-12-17,90353
Paul Steele,mrowland@example.com,979-802-8272x93640,"406 David Branch Apt. 413
Corybury, GU 56345",South Kimberly,Iran,2016-05-28,67566
Cameron Reed,imendoza@example.com,(816)923-0541x3281,"3156 Lindsey Gardens Apt. 114
South Masonmouth, GA 80056",Jenniferfurt,Tajikistan,1958-08-21,41460
Mary Wilson,emily40@example.com,(299)828-6880,"862 Kimberly Roads
Lake Andrewtown, LA 21018",Port Michelleville,Benin,1972-06-29,83069
Courtney Cox,marshallsara@example.com,465-794-5110x93309,"452 Moran Springs Suite 109
Lindafurt, WI 65361",West Chloeside,Bhutan,1911-09-20,99923
Ryan Gaines,deniseforbes@example.org,3874978243,"560 Alicia Vista
Acevedoborough, NY 21507",North Kristy,Chile,1955-07-26,88082
Jason Morris,katherine08@example.com,(919)274-3664x13805,"5065 Jeffery Bridge Apt. 188
Melissaton, AS 57343",Lake Manuel,Reunion,1925-06-08,72096
Natalie Curry,davidvega@example.com,001-389-945-3635x1328,"3287 Hardy Parks Suite 341
West Cynthiachester, PR 11940",Crystalbury,Yemen,1915-09-25,70670
James Schmidt,michelle55@example.net,001-727-759-9464x919,"6822 Jamie Roads
Jamesville, DE 35587",North Lesliestad,Eritrea,1948-09-11,35380
Jared Terrell,oallen@example.org,001-637-552-6657,"38716 Carlos Skyway Apt. 402
South Michelleshire, SC 94842",Rossburgh,Tajikistan,1961-11-23,48657
Vanessa Andrews,megan45@example.net,001-751-919-1930x119,"22645 Andrew Inlet Apt. 883
New Traci, HI 74924",West Matthewview,Nicaragua,1967-11-16,41801
Anthony Lopez Jr.,butleranthony@example.net,5262179449,"31739 Tracey Unions
South Deannabury, WI 94297",Lake Matthew,Liberia,2009-12-11,52598
Gail Williams,williamhanson@example.com,+1-269-381-7131x82057,"5277 Wilson Shoals Suite 586
Kimberlyport, SD 08112",Lawrencehaven,Thailand,1909-01-13,90930
Alan Griffin,randrade@example.org,5446347565,"92718 Jody Prairie Suite 642
Lake Christopherland, AS 56272",West Sarah,Mexico,1986-09-11,63113
Donna Tanner,hweber@example.com,346-712-7722,"Unit 4978 Box 2384
DPO AA 02147",New Laura,Tajikistan,1975-10-15,91115
Michael Meyer,ayerskrystal@example.net,4052550484,"5291 Leon Trail Apt. 683
New Maxwellshire, CT 54884",Martinberg,Niger,1914-06-08,47015
Cynthia Baxter,morrismary@example.org,(271)984-6111x708,"636 Delgado Shoals Suite 189
Thomasside, NC 05928",Dennishaven,Cocos (Keeling) Islands,1971-06-25,31395
Julie Avery DDS,derrickfuller@example.com,+1-551-565-9965x336,"3798 Jennifer Divide
Raymondborough, MD 49273",Santosshire,Libyan Arab Jamahiriya,1923-12-01,32112
Keith Glass,karen08@example.net,(321)892-1783x10357,"99107 Donna Manors Apt. 350
Ambershire, MH 78571",Jonathanhaven,Bolivia,1972-12-11,82906
Sarah Khan,adamsjulie@example.com,001-451-468-8541,"79921 Figueroa Lakes Apt. 687
Randyhaven, CA 41314",Josephview,Chad,1947-10-22,59017
Ronald Baker,pmartinez@example.com,462-386-3795x5237,"Unit 0587 Box 9955
DPO AP 40370",New Felicia,Saint Kitts and Nevis,1977-02-11,96299
Reginald Garcia,jack62@example.org,+1-896-501-5234x766,"724 Dylan Crossroad
Ruizborough, MN 24098",Andreabury,United Kingdom,1994-03-07,80252
Michael Osborn,kellyamanda@example.org,241-244-2677,"766 Rebecca Mission Suite 500
Parsonsfort, MA 80721",Danahaven,Australia,1957-01-31,67668
Karen Brown,kayla55@example.com,001-499-587-1245x9254,"76392 House Mills Suite 899
Lake Debraville, TN 40310",Carrieberg,United Kingdom,1981-07-29,64388
Daniel Key,jamieyoder@example.net,+1-664-533-5627x335,"USNV Lewis
FPO AA 34290",East Kimberly,Afghanistan,1976-11-15,65324
Robert Hernandez,baileynatalie@example.org,001-838-823-8151x368,"841 Cassandra Wall
Mcmillanfort, WA 19421",Melissaville,New Caledonia,1998-01-25,42760
Kim Mckinney,charles43@example.net,+1-680-659-2963,"02924 Haas Harbors
South Robertbury, MO 98757",Port Carla,Gibraltar,1934-11-09,57703
Ana Hall,thomas32@example.org,(842)319-8581x4263,"17230 Nicole Motorway
New Lori, NE 55914",West Jason,Sierra Leone,2002-05-21,64301
Edward Flores,castanedanathan@example.com,(353)793-4111,"5577 Larry Squares Suite 347
West Caitlin, NC 03732",North Stephenview,Denmark,1911-06-18,91261
Barbara James,carrie41@example.com,692-689-2428x742,"1986 Morrison Tunnel Apt. 294
Matthewchester, NY 46882",East Mathew,Congo,1988-04-23,47942
Kimberly Wright,frederick67@example.net,205.721.5812x5393,"USNS Frank
FPO AA 95789",Lake Mauriceville,Mongolia,2005-11-01,36240
Elizabeth Meyer,cmoran@example.org,902.977.2253,"0799 Adams Union Suite 362
Murphyborough, SC 04557",East Joe,Finland,2000-11-05,96180
Mary Long,stevenhernandez@example.org,+1-244-260-1162x10154,"081 Moore Cliffs Suite 350
Susanport, GA 75983",Floresmouth,Mongolia,1958-09-04,82785
Brian Thompson,ksandoval@example.net,001-533-713-1442,"512 Kathy Neck Apt. 363
Matthewborough, RI 24102",Mccarthyton,Cameroon,1948-04-09,37280
Kelly Wilson,calebhorne@example.org,728-828-6115,"3669 Cruz Land Suite 113
Port Kevin, MI 22668",Ashleymouth,Japan,1989-10-29,43248
Nicole Johnson,danielmorris@example.com,996-696-0213x96927,"165 Travis Court
West William, KY 31431",Ronaldport,Colombia,1963-04-20,71341
Richard Combs,richardsantana@example.com,+1-335-385-6500x1732,"6830 Matthew Throughway Suite 988
Richardside, SD 89951",North James,Guam,1925-11-04,68252
Kyle Jackson,steven09@example.org,001-426-663-3060x207,"2002 Rodriguez Wells Apt. 628
New Aprilview, GA 88807",Hillbury,Egypt,1942-05-22,39055
Michelle Griffin,xthomas@example.org,001-607-950-1984,"PSC 6848, Box 9793
APO AA 21310",Georgeshire,Korea,1995-10-18,67522
Renee Smith,troy10@example.net,(860)442-5140x30631,"Unit 7496 Box 7443
DPO AE 87474",North Brandystad,Faroe Islands,1982-04-21,78965
Shelley Mclaughlin,edward52@example.org,(422)983-6324x013,"6054 Lewis Valley
South Ryan, AK 30261",Danielside,Turkey,1909-12-12,63274
Michelle Stephens,fernandezcharles@example.org,893.974.4623x363,"12161 Jason Stravenue Apt. 775
East Brandon, MS 09817",Clarkburgh,Fiji,1911-06-19,91835
Rachel Johnson,heathderek@example.net,460.286.5001x65506,"USCGC Miles
FPO AP 71248",New Isaiahfort,Brazil,1958-03-12,70004
David Montes,sarah18@example.net,2872404894,"76043 Brooks Freeway Apt. 624
West Christinaside, ID 29406",New Scott,Greece,1908-10-01,65361
Austin Valdez,michelle90@example.net,001-739-470-4951,"399 Stacie Isle Suite 101
Lake Paulton, MH 32893",New Ivanborough,Liberia,1911-12-02,58649
Daniel Shannon,adam26@example.com,517-876-1354,"689 Brown Crossroad Apt. 503
Lake Benjaminburgh, NJ 07774",Toddstad,Uruguay,1991-08-08,80505
Brittney Mullins,ncarroll@example.net,504-468-3880x5046,"53246 Rebecca Track
Riveratown, GU 42770",Lake Glendamouth,Taiwan,2007-04-04,69258
Heather Brown,nathan77@example.org,(773)704-8949,"397 Murphy Port Apt. 830
Kristinburgh, LA 69679",Rochastad,Iceland,1963-02-18,61279
Martin Harris,urowe@example.org,444.874.2325x60503,"931 Graham Course Apt. 685
Benjamintown, MP 99722",Walkertown,Hungary,1957-06-02,69677
Katherine Barrett,john54@example.net,(560)427-5037,"8885 Farley Wells
New Kennethmouth, UT 37186",West Victoria,Bahrain,1947-06-21,75146
Tina Mcdonald,wlong@example.com,+1-951-336-3988x5683,"9666 Robyn Rapids Apt. 120
Melissastad, MP 66056",Lynnland,British Virgin Islands,1957-07-26,96697
Travis French,james35@example.com,+1-317-922-8478x899,"5033 Joshua Spurs Suite 613
Carriehaven, GU 85028",Lake Sherriburgh,Papua New Guinea,1942-06-12,88680
Felicia Mcdonald,xfox@example.net,966.878.5315x4070,"58927 Michael Brooks
North Johnchester, NE 22461",Aguirreview,South Africa,1929-09-04,46884
Patricia Raymond,jonesteresa@example.org,735.397.8744x69034,"589 Steele Port Apt. 443
Devinfort, VI 49713",West Lisa,Turkmenistan,2016-03-13,80884
Tonya Thomas,heatherstewart@example.com,+1-875-455-8397x5001,"643 Burnett Burgs
Deckerfurt, WY 43664",Alyssamouth,Chad,1927-12-28,77630
Joseph Cooley,abruce@example.net,613-813-6829,"64095 Compton Pine Suite 935
Phillipborough, NY 43658",Markton,Zimbabwe,1909-12-05,92536
Melvin Thompson,lauren53@example.org,712-495-6944x110,"32086 Kim Road
Lake Johnfurt, AK 96734",Perryview,Pakistan,2010-08-24,72826
Jacqueline Combs,mariocopeland@example.com,285.321.1065x7976,"43515 Hopkins Views
Lake Michellebury, DC 91019",East Reneeburgh,South Georgia and the South Sandwich Islands,1914-08-27,68996
Melanie Mullen,kevin60@example.net,(568)964-3378,"344 Rodriguez Gateway
Christopherville, SD 53469",Port Becky,Ukraine,2007-12-15,92318
Ricky Rodriguez,xwilliams@example.com,+1-717-848-7605,"413 Bailey Skyway Suite 533
Onealton, RI 82200",Gonzalezborough,Korea,1947-09-03,65264
Lisa Scott,tylerramos@example.com,+1-639-243-9677x6005,"517 Martin Rapid
Derekville, WV 03410",Port Andrew,Singapore,2005-06-02,92746
Carlos Brown,samantha83@example.net,958.215.8408x76985,"62252 Powell Trail Apt. 269
New Danielle, IN 28405",East Cody,Morocco,1985-01-13,97571
Shelly Mitchell,juliamartinez@example.com,001-876-356-0210x99076,"61080 Hart Coves Apt. 509
Port Richard, AS 41995",North Suzannehaven,Slovenia,2007-04-10,85761
Linda Gregory,sheila42@example.org,788-490-3930x00119,"496 Max Prairie
New Colin, FL 73301",Lake Robert,New Zealand,1997-09-08,89702
Anthony Snyder,shawnjones@example.org,456.637.1281,"3223 Mary Expressway Suite 482
East Calvin, RI 46214",Garymouth,French Guiana,1949-06-25,79647
Anthony House,calvin79@example.org,5399011359,"84635 Sheryl Divide
East Manuel, AZ 44441",East Kerribury,El Salvador,2006-06-08,76883
Thomas Frazier,joshua25@example.org,001-668-813-3766x168,"PSC 8614, Box 2735
APO AE 85071",Port Wendy,North Macedonia,1929-12-09,91571
Linda Mayo,danielzamora@example.com,(866)865-2130,"Unit 8477 Box 7290
DPO AE 52923",Williamsburgh,Guyana,1970-08-29,74743
Tyler Sampson,john08@example.com,(915)523-0999x38724,"5819 Michael Ramp
Alexandriaburgh, LA 77245",Lake Scott,Tuvalu,1997-07-11,85936
Kelly Richardson,donaldsonkaren@example.com,(796)229-5686x6159,"29762 David Oval
Hudsonbury, FL 97656",New Katherinebury,Norfolk Island,2022-02-12,96396
Madison Nguyen,kelseyrussell@example.com,798-912-5051x99396,"7066 Soto Extensions
Port Lauren, IL 53187",South Melissa,Ghana,1968-07-05,79568
Kelly Melendez,lacey44@example.net,+1-654-912-2704,"00224 James Meadow Suite 358
Monroeside, PW 82224",Jasonfort,Marshall Islands,1932-05-23,83821
Elizabeth Waller,rebeccadudley@example.net,+1-267-842-0503x7112,"0303 George Village
Petersonmouth, MH 43711",Harrisside,Spain,1911-06-23,84144
Derek Gonzales,morrisdennis@example.org,001-925-305-9769,"5721 Stewart Station
Port Natalie, MH 92558",Thompsonburgh,Korea,2005-08-07,97074
Kimberly Hardy,austinthompson@example.com,(903)716-6739x99186,"9188 Johnson Coves
New Ericview, NC 11708",Lake Garyport,United States of America,1951-08-04,90426
Ashley Zimmerman,mary96@example.net,280-529-0456x02617,"021 Baker Stream Apt. 288
Foleyville, TN 71682",Fitzgeraldbury,Cayman Islands,1932-10-12,81496
Marc Myers,christopher87@example.org,671.515.9764x99092,"USCGC Colon
FPO AA 43946",Kellyville,Greece,2014-02-19,69587
Jessica Rodriguez,finleystephanie@example.com,(312)467-6244x90532,"PSC 3541, Box 4224
APO AE 82736",Deniseborough,Bahamas,1972-06-10,52866
Amy Parker,zavalacatherine@example.com,8463043459,"78272 Garcia Canyon Suite 357
Port Debbieville, FM 79124",Lake Calvinborough,Serbia,2001-02-21,54869
Carlos Mcneil,hilljoshua@example.com,616-938-0801,"5981 Romero Alley
Port Meganmouth, MA 18811",Anthonyburgh,Burkina Faso,1927-07-16,82122
Tammy Murphy,susanfranklin@example.com,879.671.4238x85134,"885 Kelly Club Apt. 350
New Alicia, CT 25171",Lake Brittanyburgh,Namibia,1999-09-24,75999
Brittany Rodriguez,thomasgregory@example.net,597.808.5306x8158,"6650 Chris Radial
Murphyton, WY 24038",Aaronville,Cambodia,1988-12-15,70911
Scott Stewart,valerie39@example.com,956.897.0540,"228 Adrian Pine
North Sean, IL 20499",Alexandraside,New Zealand,2019-09-30,81174
Willie Shelton,jamesdavis@example.net,277-426-9077x821,"2277 Kathryn Cliffs
Danielshire, VI 89502",East Michael,Mongolia,2017-05-20,59788
Deborah Nicholson,michelle15@example.net,954-765-9968x1900,"3179 Young Brooks Apt. 868
Scottberg, MI 16700",Port Linda,Senegal,1963-07-25,61230
Vanessa Wu,reginaldowens@example.com,+1-682-798-1566x9050,"1820 Denise Forks
East Katieberg, IL 88289",Cassandraview,Israel,1929-01-18,70482
Robyn Allen,chad33@example.org,212-239-3934x599,"1162 Kathryn Extensions
East Larryfurt, MP 70273",Bruceberg,Iran,1941-05-17,73249
Scott Stewart,valerie39@example.com,956.897.0540,"228 Adrian Pine
North Sean, IL 20499",Alexandraside,New Zealand,2019-09-30,81174